{
	"partitions" : [
		{
			"name" : "Top",
			"pins" : [
				{
					"name" : "sum[0]",
					"strict" : false
				},
				{
					"name" : "sum[1]",
					"strict" : false
				},
				{
					"name" : "sum[2]",
					"strict" : false
				},
				{
					"name" : "sum[3]",
					"strict" : false
				},
				{
					"name" : "sum[4]",
					"strict" : false
				},
				{
					"name" : "sum[5]",
					"strict" : false
				},
				{
					"name" : "sum[6]",
					"strict" : false
				},
				{
					"name" : "sum[7]",
					"strict" : false
				},
				{
					"name" : "cout",
					"strict" : false
				},
				{
					"name" : "x[0]",
					"strict" : false
				},
				{
					"name" : "y[0]",
					"strict" : false
				},
				{
					"name" : "cin",
					"strict" : false
				},
				{
					"name" : "x[1]",
					"strict" : false
				},
				{
					"name" : "y[1]",
					"strict" : false
				},
				{
					"name" : "x[2]",
					"strict" : false
				},
				{
					"name" : "y[2]",
					"strict" : false
				},
				{
					"name" : "x[3]",
					"strict" : false
				},
				{
					"name" : "y[3]",
					"strict" : false
				},
				{
					"name" : "x[4]",
					"strict" : false
				},
				{
					"name" : "y[4]",
					"strict" : false
				},
				{
					"name" : "x[5]",
					"strict" : false
				},
				{
					"name" : "y[5]",
					"strict" : false
				},
				{
					"name" : "x[6]",
					"strict" : false
				},
				{
					"name" : "y[6]",
					"strict" : false
				},
				{
					"name" : "x[7]",
					"strict" : false
				},
				{
					"name" : "y[7]",
					"strict" : false
				},
				{
					"name" : "reset",
					"strict" : false
				},
				{
					"name" : "clock",
					"strict" : false
				}
			]
		}
	]
}